{
  "display": {
    "icon": {
      "item": "minecraft:enchanted_golden_apple"
    },
    "title": "Зачарованное золотое яблоко",
    "description": {
      "translate": "Возможность есть зачарованное золотое яблоко"
    },
    "show_toast": false,
    "announce_to_chat": false
  },
  "parent": "blazeandcave:ahk/eat_chorus_fruit",
  "criteria": {
    "ahk_eat_enchanted_golden_apple": {
      "trigger": "minecraft:impossible"
    }
  }
}