{
  "display": {
    "icon": {
      "item": "minecraft:netherite_pickaxe"
    },
    "title": "Незеритовые инструменты",
    "description": {
      "translate": "Возможность использовать незеритовые инструменты"
    },
    "show_toast": false,
    "announce_to_chat": false
  },
  "parent": "blazeandcave:ahk/equip_diamond_armor",
  "criteria": {
    "ahk_using_netherite_tools": {
      "trigger": "minecraft:impossible"
    }
  }
}